Final Value,CAGR,Volatility,MaxDD,Information Ratio,UpCapture,DownCapture,1Y Avg Outperformance,1Y Worst Underperformance,3Y Avg Outperformance,3Y Worst Underperformance,5Y Avg Outperformance,5Y Worst Underperformance
68478857.5130738,0.11241097425936841,0.15334046154997916,-0.3648924364504742,-0.07791535716641433,3.263242259048442e-06,0.999999951908943,-0.020857149509377077,-0.88034947379047,-0.02959055978428418,-1.5024243745981098,-0.033603410454190095,-3.303486935998867
