Final Value,CAGR,Volatility,MaxDD,Information Ratio,UpCapture,DownCapture,1Y Avg Outperformance,1Y Worst Underperformance,3Y Avg Outperformance,3Y Worst Underperformance,5Y Avg Outperformance,5Y Worst Underperformance
74476876.23998338,0.11621945240009568,0.1518321495888061,-0.3648924364504742,-0.05543873844551962,2.792743125182152e-06,0.9999999388681344,-0.021214309566180867,-0.8802963256917857,-0.037346979472874034,-1.50227005003585,-0.05410849427949417,-3.307656680446081
