Final Value,CAGR,Volatility,MaxDD,Information Ratio,UpCapture,DownCapture,1Y Avg Outperformance,1Y Worst Underperformance,3Y Avg Outperformance,3Y Worst Underperformance,5Y Avg Outperformance,5Y Worst Underperformance
64833267.09659749,0.10993656876302849,0.2281366126167549,-0.680218661929679,0.024333283927304897,0.3672110585217419,0.9999999999997378,-0.0023176726597735767,-0.26048206670334006,-0.0026349498935175734,-0.2846214974526151,-0.004116434729695382,-0.36960200545815836
